{"cameraMode":{"drawMode":0,"name":"Shaded","section":"Shading Mode"},"sceneLighting":true,"audioPlay":false,"sceneViewState":{"m_AlwaysRefresh":false,"showFog":true,"showSkybox":true,"showFlares":true,"showImageEffects":true,"showParticleSystems":true,"showVisualEffectGraphs":true,"m_FxEnabled":true},"in2DMode":false,"pivot":{"x":-5.571866989135742,"y":-0.21244144439697267,"z":-7.940533638000488},"rotation":{"x":0.12952841818332673,"y":-0.8479997515678406,"z":0.24237589538097382,"w":0.45318078994750979},"size":8.103784561157227,"orthographic":false}