{"cameraMode":{"drawMode":0,"name":"Shaded","section":"Shading Mode"},"sceneLighting":true,"audioPlay":false,"sceneViewState":{"m_AlwaysRefresh":false,"showFog":true,"showSkybox":true,"showFlares":true,"showImageEffects":true,"showParticleSystems":true,"showVisualEffectGraphs":true,"m_FxEnabled":true},"in2DMode":false,"pivot":{"x":1.5704694986343384,"y":2.2094836235046388,"z":2.3170409202575685},"rotation":{"x":0.05068095773458481,"y":0.10765016824007034,"z":-0.005495001096278429,"w":0.9928817749023438},"size":2.1039535999298097,"orthographic":false}